{
  "C": {
    "iso_time": "2026-02-24T13:32:19.902+01:00",
    "rx_ms": "1771936339902",
    "station_id": "0",
    "src_mac": "28:56:2F:63:C5:18",
    "fields": [
      "98",
      "3",
      "3",
      "0.44",
      "0.30",
      "9.90",
      "-0.2",
      "0.2",
      "-0.3",
      "12490048",
      "408",
      "9",
      "72"
    ]
  },
  "R": {
    "iso_time": "2026-02-24T13:32:19.907+01:00",
    "rx_ms": "1771936339907",
    "station_id": "0",
    "src_mac": "28:56:2F:63:C5:18",
    "fields": [
      "98",
      "10",
      "25.8",
      "-56.1",
      "12490179"
    ]
  },
  "H": {
    "iso_time": "2026-02-24T13:31:40.536+01:00",
    "rx_ms": "1771936300536",
    "station_id": "0",
    "src_mac": "28:56:2F:63:C5:18",
    "fields": [
      "98",
      "21446",
      "9",
      "12450221"
    ]
  },
  "N": {
    "iso_time": "2026-02-24T13:30:44.351+01:00",
    "rx_ms": "1771936244351",
    "station_id": "0",
    "src_mac": "28:56:2F:63:C5:18",
    "fields": [
      "98",
      "54",
      "154",
      "84",
      "479.5",
      "-52.5",
      "0",
      "2501"
    ]
  }
}