{
  "R": {
    "iso_time": "2026-02-24T13:32:17.291+01:00",
    "rx_ms": "1771936337291",
    "station_id": "0",
    "src_mac": "28:56:2F:63:C7:40",
    "fields": [
      "10",
      "245",
      "302.1",
      "-44.0",
      "12742315"
    ]
  },
  "C": {
    "iso_time": "2026-02-24T13:31:32.444+01:00",
    "rx_ms": "1771936292444",
    "station_id": "0",
    "src_mac": "28:56:2F:63:C7:40",
    "fields": [
      "10",
      "3",
      "3",
      "-0.23",
      "0.82",
      "9.90",
      "-0.1",
      "-0.2",
      "0.0",
      "12697940",
      "407",
      "9",
      "66"
    ]
  },
  "H": {
    "iso_time": "2026-02-24T13:31:33.210+01:00",
    "rx_ms": "1771936293210",
    "station_id": "0",
    "src_mac": "28:56:2F:63:C7:40",
    "fields": [
      "10",
      "21690",
      "9",
      "12698336"
    ]
  },
  "N": {
    "iso_time": "2026-02-24T13:31:53.030+01:00",
    "rx_ms": "1771936313030",
    "station_id": "0",
    "src_mac": "28:56:2F:63:C7:40",
    "fields": [
      "10",
      "94",
      "33",
      "88",
      "21.1",
      "-57.6",
      "0",
      "3916"
    ]
  }
}