{
  "C": {
    "iso_time": "2026-02-24T12:43:06.729+01:00",
    "rx_ms": "1771933386729",
    "station_id": "0",
    "src_mac": "28:56:2F:63:C5:48",
    "fields": [
      "90",
      "3",
      "3",
      "-2.29",
      "-0.26",
      "-9.38",
      "6.2",
      "2.0",
      "-1.8",
      "9366638",
      "407",
      "4",
      "70"
    ]
  },
  "R": {
    "iso_time": "2026-02-24T12:44:48.076+01:00",
    "rx_ms": "1771933488076",
    "station_id": "0",
    "src_mac": "28:56:2F:63:C5:48",
    "fields": [
      "90",
      "98",
      "336.9",
      "-81.8",
      "9467928"
    ]
  },
  "H": {
    "iso_time": "2026-02-24T12:34:54.493+01:00",
    "rx_ms": "1771932894493",
    "station_id": "0",
    "src_mac": "28:56:2F:63:C5:48",
    "fields": [
      "90",
      "15423",
      "2",
      "8874676"
    ]
  }
}