{
  "R": {
    "iso_time": "2026-02-24T12:46:07.247+01:00",
    "rx_ms": "1771933567247",
    "station_id": "0",
    "src_mac": "28:56:2F:63:C5:18",
    "fields": [
      "98",
      "43",
      "443.8",
      "-75.7",
      "9719068"
    ]
  },
  "C": {
    "iso_time": "2026-02-24T12:45:43.146+01:00",
    "rx_ms": "1771933543146",
    "station_id": "0",
    "src_mac": "28:56:2F:63:C5:18",
    "fields": [
      "98",
      "0",
      "3",
      "-1.66",
      "-5.52",
      "-7.80",
      "-0.8",
      "-19.3",
      "-59.4",
      "9693995",
      "582",
      "7",
      "74"
    ]
  },
  "H": {
    "iso_time": "2026-02-24T12:45:56.518+01:00",
    "rx_ms": "1771933556518",
    "station_id": "0",
    "src_mac": "28:56:2F:63:C5:18",
    "fields": [
      "98",
      "16735",
      "6",
      "9707530"
    ]
  }
}