{
  "C": {
    "iso_time": "2026-02-24T13:32:17.752+01:00",
    "rx_ms": "1771936337752",
    "station_id": "0",
    "src_mac": "28:56:2F:63:C7:28",
    "fields": [
      "43",
      "3",
      "3",
      "0.71",
      "-0.02",
      "9.95",
      "-0.1",
      "0.2",
      "0.1",
      "12438546",
      "507",
      "9",
      "70"
    ]
  },
  "R": {
    "iso_time": "2026-02-24T13:32:20.609+01:00",
    "rx_ms": "1771936340609",
    "station_id": "0",
    "src_mac": "28:56:2F:63:C7:28",
    "fields": [
      "43",
      "90",
      "246.3",
      "-55.9",
      "12440989"
    ]
  },
  "H": {
    "iso_time": "2026-02-24T13:32:08.691+01:00",
    "rx_ms": "1771936328691",
    "station_id": "0",
    "src_mac": "28:56:2F:63:C7:28",
    "fields": [
      "43",
      "21343",
      "9",
      "12429492"
    ]
  },
  "N": {
    "iso_time": "2026-02-24T13:28:46.648+01:00",
    "rx_ms": "1771936126648",
    "station_id": "0",
    "src_mac": "28:56:2F:63:C7:28",
    "fields": [
      "43",
      "245",
      "70",
      "68",
      "25.3",
      "-58.1",
      "0",
      "1963"
    ]
  }
}