{
  "R": {
    "iso_time": "2026-02-24T12:46:34.397+01:00",
    "rx_ms": "1771933594397",
    "station_id": "0",
    "src_mac": "28:56:2F:63:C7:48",
    "fields": [
      "3",
      "98",
      "614.2",
      "-89.3",
      "9841296"
    ]
  },
  "H": {
    "iso_time": "2026-02-24T12:46:28.589+01:00",
    "rx_ms": "1771933588589",
    "station_id": "0",
    "src_mac": "28:56:2F:63:C7:48",
    "fields": [
      "3",
      "17102",
      "6",
      "9835056"
    ]
  },
  "C": {
    "iso_time": "2026-02-24T12:46:36.653+01:00",
    "rx_ms": "1771933596653",
    "station_id": "0",
    "src_mac": "28:56:2F:63:C7:48",
    "fields": [
      "3",
      "1",
      "3",
      "-5.61",
      "3.77",
      "-7.26",
      "-14.5",
      "-2.5",
      "-28.3",
      "9843137",
      "1841",
      "6",
      "72"
    ]
  },
  "N": {
    "iso_time": "2026-02-24T12:46:08.039+01:00",
    "rx_ms": "1771933568038",
    "station_id": "0",
    "src_mac": "28:56:2F:63:C7:48",
    "fields": [
      "3",
      "94",
      "15",
      "65",
      "476.2",
      "-80.7",
      "0",
      "104"
    ]
  }
}