{
  "R": {
    "iso_time": "2026-02-24T13:23:18.153+01:00",
    "rx_ms": "1771935798153",
    "station_id": "0",
    "src_mac": "28:56:2F:63:C6:D0",
    "fields": [
      "151",
      "43",
      "686.9",
      "-45.2",
      "11722803"
    ]
  },
  "H": {
    "iso_time": "2026-02-24T13:23:19.115+01:00",
    "rx_ms": "1771935799115",
    "station_id": "0",
    "src_mac": "28:56:2F:63:C6:D0",
    "fields": [
      "151",
      "20276",
      "4",
      "11723767"
    ]
  },
  "C": {
    "iso_time": "2026-02-24T13:21:26.704+01:00",
    "rx_ms": "1771935686704",
    "station_id": "0",
    "src_mac": "28:56:2F:63:C6:D0",
    "fields": [
      "151",
      "3",
      "3",
      "0.42",
      "-0.16",
      "9.87",
      "-0.1",
      "0.7",
      "0.0",
      "11611227",
      "306",
      "9",
      "72"
    ]
  },
  "N": {
    "iso_time": "2026-02-24T13:20:22.547+01:00",
    "rx_ms": "1771935622547",
    "station_id": "0",
    "src_mac": "28:56:2F:63:C6:D0",
    "fields": [
      "151",
      "94",
      "159",
      "85",
      "480.4",
      "-48.1",
      "0",
      "661"
    ]
  }
}