{
  "R": {
    "iso_time": "2026-02-24T13:32:19.227+01:00",
    "rx_ms": "1771936339227",
    "station_id": "0",
    "src_mac": "28:56:2F:63:C5:20",
    "fields": [
      "94",
      "43",
      "0.9",
      "-50.8",
      "12212627"
    ]
  },
  "C": {
    "iso_time": "2026-02-24T13:32:18.393+01:00",
    "rx_ms": "1771936338393",
    "station_id": "0",
    "src_mac": "28:56:2F:63:C5:20",
    "fields": [
      "94",
      "3",
      "3",
      "0.73",
      "0.67",
      "9.86",
      "-0.2",
      "0.2",
      "-0.2",
      "12211792",
      "329",
      "9",
      "74"
    ]
  },
  "H": {
    "iso_time": "2026-02-24T13:32:19.327+01:00",
    "rx_ms": "1771936339327",
    "station_id": "0",
    "src_mac": "28:56:2F:63:C5:20",
    "fields": [
      "94",
      "21618",
      "9",
      "12212728"
    ]
  },
  "N": {
    "iso_time": "2026-02-24T13:27:41.785+01:00",
    "rx_ms": "1771936061785",
    "station_id": "0",
    "src_mac": "28:56:2F:63:C5:20",
    "fields": [
      "94",
      "98",
      "199",
      "83",
      "21.1",
      "-55.7",
      "0",
      "2405"
    ]
  }
}