{
  "H": {
    "iso_time": "2026-02-24T12:04:00.197+01:00",
    "rx_ms": "1771931040196",
    "station_id": "0",
    "src_mac": "28:56:2F:63:C5:48",
    "fields": [
      "90",
      "12201",
      "9",
      "7020676"
    ]
  },
  "R": {
    "iso_time": "2026-02-24T12:21:35.902+01:00",
    "rx_ms": "1771932095902",
    "station_id": "0",
    "src_mac": "28:56:2F:63:C5:48",
    "fields": [
      "90",
      "245",
      "569.1",
      "-86.8",
      "8076526"
    ]
  },
  "C": {
    "iso_time": "2026-02-24T12:05:11.214+01:00",
    "rx_ms": "1771931111214",
    "station_id": "0",
    "src_mac": "28:56:2F:63:C5:48",
    "fields": [
      "90",
      "3",
      "2",
      "-3.48",
      "-0.11",
      "-9.60",
      "-6.6",
      "7.9",
      "-8.7",
      "7092375",
      "313",
      "3",
      "68"
    ]
  }
}