{
  "R": {
    "iso_time": "2026-02-24T11:59:06.552+01:00",
    "rx_ms": "1771930746552",
    "station_id": "0",
    "src_mac": "28:56:2F:63:C5:48",
    "fields": [
      "90",
      "94",
      "379.6",
      "-77.5",
      "6727913"
    ]
  },
  "H": {
    "iso_time": "2026-02-24T11:58:32.069+01:00",
    "rx_ms": "1771930712069",
    "station_id": "0",
    "src_mac": "28:56:2F:63:C5:48",
    "fields": [
      "90",
      "11632",
      "5",
      "6693449"
    ]
  },
  "C": {
    "iso_time": "2026-02-24T11:58:59.609+01:00",
    "rx_ms": "1771930739609",
    "station_id": "0",
    "src_mac": "28:56:2F:63:C5:48",
    "fields": [
      "90",
      "2",
      "2",
      "-3.84",
      "-3.65",
      "-7.95",
      "-1.2",
      "-5.9",
      "0.1",
      "6720612",
      "107",
      "5",
      "69"
    ]
  },
  "N": {
    "iso_time": "2026-02-24T11:42:26.706+01:00",
    "rx_ms": "1771929746706",
    "station_id": "0",
    "src_mac": "28:56:2F:63:C5:48",
    "fields": [
      "90",
      "96",
      "50",
      "63",
      "631.0",
      "-86.6",
      "0",
      "104"
    ]
  }
}