{
  "R": {
    "iso_time": "2026-02-24T12:46:35.829+01:00",
    "rx_ms": "1771933595829",
    "station_id": "0",
    "src_mac": "28:56:2F:63:C7:28",
    "fields": [
      "43",
      "98",
      "541.7",
      "-74.8",
      "9697559"
    ]
  },
  "H": {
    "iso_time": "2026-02-24T12:45:55.473+01:00",
    "rx_ms": "1771933555473",
    "station_id": "0",
    "src_mac": "28:56:2F:63:C7:28",
    "fields": [
      "43",
      "16595",
      "6",
      "9657779"
    ]
  },
  "C": {
    "iso_time": "2026-02-24T12:46:29.251+01:00",
    "rx_ms": "1771933589251",
    "station_id": "0",
    "src_mac": "28:56:2F:63:C7:28",
    "fields": [
      "43",
      "0",
      "3",
      "1.87",
      "1.20",
      "-8.89",
      "5.6",
      "8.0",
      "-27.5",
      "9691536",
      "638",
      "6",
      "71"
    ]
  }
}