{
  "R": {
    "iso_time": "2026-02-24T13:32:14.504+01:00",
    "rx_ms": "1771936334504",
    "station_id": "0",
    "src_mac": "28:56:2F:63:9F:3C",
    "fields": [
      "54",
      "3",
      "33.8",
      "-51.7",
      "12378616"
    ]
  },
  "C": {
    "iso_time": "2026-02-24T13:30:26.526+01:00",
    "rx_ms": "1771936226526",
    "station_id": "0",
    "src_mac": "28:56:2F:63:9F:3C",
    "fields": [
      "54",
      "3",
      "3",
      "0.40",
      "-0.19",
      "10.14",
      "0.1",
      "0.1",
      "0.3",
      "12270694",
      "133",
      "9",
      "74"
    ]
  },
  "H": {
    "iso_time": "2026-02-24T13:30:40.302+01:00",
    "rx_ms": "1771936240302",
    "station_id": "0",
    "src_mac": "28:56:2F:63:9F:3C",
    "fields": [
      "54",
      "21160",
      "9",
      "12283844"
    ]
  },
  "N": {
    "iso_time": "2026-02-24T13:26:17.009+01:00",
    "rx_ms": "1771935977009",
    "station_id": "0",
    "src_mac": "28:56:2F:63:9F:3C",
    "fields": [
      "54",
      "98",
      "93",
      "78",
      "770.6",
      "-52.5",
      "0",
      "9860"
    ]
  }
}