{
  "C": {
    "iso_time": "2026-02-24T12:46:30.263+01:00",
    "rx_ms": "1771933590263",
    "station_id": "0",
    "src_mac": "28:56:2F:63:C7:30",
    "fields": [
      "96",
      "3",
      "2",
      "-5.08",
      "8.43",
      "-2.02",
      "-4.4",
      "-7.3",
      "22.9",
      "10215182",
      "307",
      "7",
      "70"
    ]
  },
  "R": {
    "iso_time": "2026-02-24T12:46:31.096+01:00",
    "rx_ms": "1771933591096",
    "station_id": "0",
    "src_mac": "28:56:2F:63:C7:30",
    "fields": [
      "96",
      "43",
      "556.9",
      "-89.3",
      "10216015"
    ]
  },
  "H": {
    "iso_time": "2026-02-24T12:46:22.148+01:00",
    "rx_ms": "1771933582148",
    "station_id": "0",
    "src_mac": "28:56:2F:63:C7:30",
    "fields": [
      "96",
      "17751",
      "6",
      "10206607"
    ]
  },
  "N": {
    "iso_time": "2026-02-24T12:46:26.736+01:00",
    "rx_ms": "1771933586736",
    "station_id": "0",
    "src_mac": "28:56:2F:63:C7:30",
    "fields": [
      "96",
      "90",
      "17",
      "68",
      "364.6",
      "-77.1",
      "0",
      "1726"
    ]
  }
}