{
  "C": {
    "iso_time": "2026-02-24T12:46:35.930+01:00",
    "rx_ms": "1771933595930",
    "station_id": "0",
    "src_mac": "28:56:2F:63:C5:20",
    "fields": [
      "94",
      "3",
      "3",
      "-2.65",
      "1.40",
      "-9.32",
      "-0.6",
      "0.7",
      "-0.4",
      "9470724",
      "1644",
      "8",
      "75"
    ]
  },
  "R": {
    "iso_time": "2026-02-24T12:46:37.544+01:00",
    "rx_ms": "1771933597544",
    "station_id": "0",
    "src_mac": "28:56:2F:63:C5:20",
    "fields": [
      "94",
      "90",
      "130.9",
      "-75.6",
      "9471962"
    ]
  },
  "H": {
    "iso_time": "2026-02-24T12:46:35.923+01:00",
    "rx_ms": "1771933595923",
    "station_id": "0",
    "src_mac": "28:56:2F:63:C5:20",
    "fields": [
      "94",
      "16772",
      "8",
      "9470334"
    ]
  },
  "N": {
    "iso_time": "2026-02-24T12:46:30.380+01:00",
    "rx_ms": "1771933590380",
    "station_id": "0",
    "src_mac": "28:56:2F:63:C5:20",
    "fields": [
      "94",
      "98",
      "17",
      "87",
      "342.5",
      "-75.5",
      "0",
      "1846"
    ]
  }
}