{
  "R": {
    "iso_time": "2026-02-24T11:57:59.998+01:00",
    "rx_ms": "1771930679998",
    "station_id": "0",
    "src_mac": "28:56:2F:63:C5:20",
    "fields": [
      "94",
      "90",
      "491.7",
      "-72.4",
      "6556174"
    ]
  },
  "H": {
    "iso_time": "2026-02-24T11:57:39.776+01:00",
    "rx_ms": "1771930659776",
    "station_id": "0",
    "src_mac": "28:56:2F:63:C5:20",
    "fields": [
      "94",
      "11537",
      "4",
      "6536378"
    ]
  },
  "C": {
    "iso_time": "2026-02-24T11:55:13.443+01:00",
    "rx_ms": "1771930513442",
    "station_id": "0",
    "src_mac": "28:56:2F:63:C5:20",
    "fields": [
      "94",
      "2",
      "3",
      "3.18",
      "1.53",
      "-9.14",
      "-0.7",
      "-0.1",
      "-0.4",
      "6389982",
      "408",
      "5",
      "73"
    ]
  },
  "N": {
    "iso_time": "2026-02-24T11:55:04.456+01:00",
    "rx_ms": "1771930504456",
    "station_id": "0",
    "src_mac": "28:56:2F:63:C5:20",
    "fields": [
      "94",
      "98",
      "173",
      "85",
      "172.7",
      "-85.7",
      "0",
      "2762"
    ]
  }
}