{
  "R": {
    "iso_time": "2026-02-24T13:24:11.968+01:00",
    "rx_ms": "1771935851968",
    "station_id": "0",
    "src_mac": "28:56:2F:63:C7:48",
    "fields": [
      "3",
      "98",
      "15.0",
      "-53.7",
      "12097608"
    ]
  },
  "H": {
    "iso_time": "2026-02-24T13:23:55.595+01:00",
    "rx_ms": "1771935835595",
    "station_id": "0",
    "src_mac": "28:56:2F:63:C7:48",
    "fields": [
      "3",
      "21008",
      "9",
      "12081242"
    ]
  },
  "C": {
    "iso_time": "2026-02-24T13:23:53.575+01:00",
    "rx_ms": "1771935833575",
    "station_id": "0",
    "src_mac": "28:56:2F:63:C7:48",
    "fields": [
      "3",
      "0",
      "2",
      "-0.42",
      "-1.16",
      "10.19",
      "-9.5",
      "2.9",
      "-85.9",
      "12079067",
      "1057",
      "9",
      "71"
    ]
  },
  "N": {
    "iso_time": "2026-02-24T13:16:56.517+01:00",
    "rx_ms": "1771935416517",
    "station_id": "0",
    "src_mac": "28:56:2F:63:C7:48",
    "fields": [
      "3",
      "245",
      "28",
      "68",
      "625.9",
      "-52.6",
      "0",
      "651"
    ]
  }
}