{
  "R": {
    "iso_time": "2026-02-24T12:46:37.680+01:00",
    "rx_ms": "1771933597680",
    "station_id": "0",
    "src_mac": "28:56:2F:63:C6:A8",
    "fields": [
      "245",
      "43",
      "697.2",
      "-85.0",
      "10051274"
    ]
  },
  "C": {
    "iso_time": "2026-02-24T12:46:37.219+01:00",
    "rx_ms": "1771933597219",
    "station_id": "0",
    "src_mac": "28:56:2F:63:C6:A8",
    "fields": [
      "245",
      "1",
      "3",
      "0.12",
      "5.36",
      "-8.10",
      "0.4",
      "-3.2",
      "-0.1",
      "10050811",
      "108",
      "5",
      "72"
    ]
  },
  "H": {
    "iso_time": "2026-02-24T12:46:35.497+01:00",
    "rx_ms": "1771933595497",
    "station_id": "0",
    "src_mac": "28:56:2F:63:C6:A8",
    "fields": [
      "245",
      "17467",
      "5",
      "10049092"
    ]
  },
  "N": {
    "iso_time": "2026-02-24T12:32:30.535+01:00",
    "rx_ms": "1771932750535",
    "station_id": "0",
    "src_mac": "28:56:2F:63:C6:A8",
    "fields": [
      "245",
      "90",
      "3",
      "50",
      "576.1",
      "-91.7",
      "0",
      "5942"
    ]
  }
}