{
  "C": {
    "iso_time": "2026-02-24T12:25:52.612+01:00",
    "rx_ms": "1771932352612",
    "station_id": "0",
    "src_mac": "28:56:2F:63:C5:18",
    "fields": [
      "98",
      "2",
      "3",
      "-1.96",
      "-9.05",
      "-3.24",
      "-0.3",
      "0.3",
      "-0.5",
      "8505119",
      "308",
      "4",
      "74"
    ]
  },
  "H": {
    "iso_time": "2026-02-24T12:25:53.207+01:00",
    "rx_ms": "1771932353207",
    "station_id": "0",
    "src_mac": "28:56:2F:63:C5:18",
    "fields": [
      "98",
      "14735",
      "4",
      "8505715"
    ]
  },
  "R": {
    "iso_time": "2026-02-24T12:25:53.450+01:00",
    "rx_ms": "1771932353450",
    "station_id": "0",
    "src_mac": "28:56:2F:63:C5:18",
    "fields": [
      "98",
      "94",
      "255.2",
      "-79.9",
      "8505957"
    ]
  },
  "N": {
    "iso_time": "2026-02-24T12:23:47.606+01:00",
    "rx_ms": "1771932227606",
    "station_id": "0",
    "src_mac": "28:56:2F:63:C5:18",
    "fields": [
      "98",
      "96",
      "6",
      "55",
      "644.2",
      "-82.4",
      "0",
      "101"
    ]
  }
}