{
  "R": {
    "iso_time": "2026-02-24T13:32:21.209+01:00",
    "rx_ms": "1771936341209",
    "station_id": "0",
    "src_mac": "28:56:2F:63:C6:A8",
    "fields": [
      "245",
      "54",
      "32.4",
      "-45.6",
      "12793299"
    ]
  },
  "C": {
    "iso_time": "2026-02-24T13:32:12.363+01:00",
    "rx_ms": "1771936332363",
    "station_id": "0",
    "src_mac": "28:56:2F:63:C6:A8",
    "fields": [
      "245",
      "3",
      "3",
      "1.09",
      "1.62",
      "9.66",
      "0.1",
      "0.1",
      "-0.4",
      "12784459",
      "308",
      "9",
      "71"
    ]
  },
  "H": {
    "iso_time": "2026-02-24T13:32:13.807+01:00",
    "rx_ms": "1771936333807",
    "station_id": "0",
    "src_mac": "28:56:2F:63:C6:A8",
    "fields": [
      "245",
      "22225",
      "9",
      "12785359"
    ]
  },
  "N": {
    "iso_time": "2026-02-24T13:15:18.225+01:00",
    "rx_ms": "1771935318225",
    "station_id": "0",
    "src_mac": "28:56:2F:63:C6:A8",
    "fields": [
      "245",
      "94",
      "27",
      "69",
      "829.0",
      "-56.0",
      "0",
      "103"
    ]
  }
}