{
  "R": {
    "iso_time": "2026-02-24T13:29:09.482+01:00",
    "rx_ms": "1771936149482",
    "station_id": "0",
    "src_mac": "28:56:2F:63:C7:30",
    "fields": [
      "96",
      "54",
      "24.4",
      "-45.3",
      "12772980"
    ]
  },
  "C": {
    "iso_time": "2026-02-24T13:28:23.552+01:00",
    "rx_ms": "1771936103552",
    "station_id": "0",
    "src_mac": "28:56:2F:63:C7:30",
    "fields": [
      "96",
      "3",
      "3",
      "0.54",
      "-0.78",
      "9.81",
      "0.0",
      "-0.1",
      "-0.3",
      "12726565",
      "1178",
      "9",
      "70"
    ]
  },
  "H": {
    "iso_time": "2026-02-24T13:29:08.170+01:00",
    "rx_ms": "1771936148170",
    "station_id": "0",
    "src_mac": "28:56:2F:63:C7:30",
    "fields": [
      "96",
      "22177",
      "9",
      "12771357"
    ]
  },
  "N": {
    "iso_time": "2026-02-24T13:21:23.325+01:00",
    "rx_ms": "1771935683325",
    "station_id": "0",
    "src_mac": "28:56:2F:63:C7:30",
    "fields": [
      "96",
      "54",
      "21",
      "76",
      "841.5",
      "-47.6",
      "0",
      "2632"
    ]
  }
}