{
  "C": {
    "iso_time": "2026-02-24T11:59:07.099+01:00",
    "rx_ms": "1771930747099",
    "station_id": "0",
    "src_mac": "28:56:2F:63:C5:18",
    "fields": [
      "98",
      "3",
      "2",
      "1.79",
      "-0.00",
      "-9.50",
      "-0.5",
      "-0.4",
      "2.4",
      "6900508",
      "207",
      "5",
      "73"
    ]
  },
  "R": {
    "iso_time": "2026-02-24T11:59:09.596+01:00",
    "rx_ms": "1771930749596",
    "station_id": "0",
    "src_mac": "28:56:2F:63:C5:18",
    "fields": [
      "98",
      "245",
      "231.8",
      "-80.2",
      "6903004"
    ]
  },
  "H": {
    "iso_time": "2026-02-24T11:59:09.828+01:00",
    "rx_ms": "1771930749828",
    "station_id": "0",
    "src_mac": "28:56:2F:63:C5:18",
    "fields": [
      "98",
      "11926",
      "5",
      "6903236"
    ]
  },
  "N": {
    "iso_time": "2026-02-24T11:56:38.956+01:00",
    "rx_ms": "1771930598956",
    "station_id": "0",
    "src_mac": "28:56:2F:63:C5:18",
    "fields": [
      "98",
      "10",
      "2",
      "50",
      "499.7",
      "-90.9",
      "0",
      "1273"
    ]
  }
}