{
  "R": {
    "iso_time": "2026-02-24T11:59:08.800+01:00",
    "rx_ms": "1771930748800",
    "station_id": "0",
    "src_mac": "28:56:2F:63:C6:A8",
    "fields": [
      "245",
      "98",
      "565.8",
      "-76.6",
      "7203956"
    ]
  },
  "C": {
    "iso_time": "2026-02-24T11:59:01.697+01:00",
    "rx_ms": "1771930741696",
    "station_id": "0",
    "src_mac": "28:56:2F:63:C6:A8",
    "fields": [
      "245",
      "2",
      "3",
      "-1.78",
      "4.49",
      "-8.40",
      "-10.1",
      "21.4",
      "5.3",
      "7196855",
      "107",
      "3",
      "72"
    ]
  },
  "H": {
    "iso_time": "2026-02-24T11:59:05.036+01:00",
    "rx_ms": "1771930745036",
    "station_id": "0",
    "src_mac": "28:56:2F:63:C6:A8",
    "fields": [
      "245",
      "12519",
      "3",
      "7200196"
    ]
  },
  "N": {
    "iso_time": "2026-02-24T11:58:40.426+01:00",
    "rx_ms": "1771930720426",
    "station_id": "0",
    "src_mac": "28:56:2F:63:C6:A8",
    "fields": [
      "245",
      "94",
      "222",
      "74",
      "398.3",
      "-91.0",
      "0",
      "2711"
    ]
  }
}