{
  "H": {
    "iso_time": "2026-02-24T12:10:15.684+01:00",
    "rx_ms": "1771931415684",
    "station_id": "0",
    "src_mac": "28:56:2F:63:C7:40",
    "fields": [
      "10",
      "13351",
      "4",
      "7823636"
    ]
  },
  "C": {
    "iso_time": "2026-02-24T12:11:39.925+01:00",
    "rx_ms": "1771931499925",
    "station_id": "0",
    "src_mac": "28:56:2F:63:C7:40",
    "fields": [
      "10",
      "0",
      "3",
      "-6.01",
      "-1.23",
      "-7.41",
      "-12.0",
      "7.0",
      "-5.9",
      "7908073",
      "407",
      "5",
      "65"
    ]
  },
  "R": {
    "iso_time": "2026-02-24T12:11:40.104+01:00",
    "rx_ms": "1771931500104",
    "station_id": "0",
    "src_mac": "28:56:2F:63:C7:40",
    "fields": [
      "10",
      "96",
      "471.5",
      "-83.4",
      "7908253"
    ]
  },
  "N": {
    "iso_time": "2026-02-24T12:10:25.987+01:00",
    "rx_ms": "1771931425987",
    "station_id": "0",
    "src_mac": "28:56:2F:63:C7:40",
    "fields": [
      "10",
      "151",
      "1",
      "0",
      "0.0",
      "-100.0",
      "1",
      "4294967295"
    ]
  }
}