{
  "R": {
    "iso_time": "2026-02-24T12:25:53.938+01:00",
    "rx_ms": "1771932353938",
    "station_id": "0",
    "src_mac": "28:56:2F:63:C7:30",
    "fields": [
      "96",
      "98",
      "670.0",
      "-83.6",
      "8979528"
    ]
  },
  "H": {
    "iso_time": "2026-02-24T12:25:47.372+01:00",
    "rx_ms": "1771932347372",
    "station_id": "0",
    "src_mac": "28:56:2F:63:C7:30",
    "fields": [
      "96",
      "15627",
      "5",
      "8972967"
    ]
  },
  "C": {
    "iso_time": "2026-02-24T12:25:52.981+01:00",
    "rx_ms": "1771932352981",
    "station_id": "0",
    "src_mac": "28:56:2F:63:C7:30",
    "fields": [
      "96",
      "1",
      "2",
      "-4.51",
      "8.81",
      "-0.79",
      "31.9",
      "6.2",
      "-74.0",
      "8978059",
      "108",
      "5",
      "70"
    ]
  },
  "N": {
    "iso_time": "2026-02-24T12:15:59.682+01:00",
    "rx_ms": "1771931759682",
    "station_id": "0",
    "src_mac": "28:56:2F:63:C7:30",
    "fields": [
      "96",
      "245",
      "120",
      "81",
      "515.2",
      "-88.2",
      "0",
      "4123"
    ]
  }
}