{
  "H": {
    "iso_time": "2026-02-24T13:21:16.765+01:00",
    "rx_ms": "1771935676765",
    "station_id": "0",
    "src_mac": "28:56:2F:63:C5:48",
    "fields": [
      "90",
      "20307",
      "8",
      "11655395"
    ]
  },
  "C": {
    "iso_time": "2026-02-24T13:21:19.724+01:00",
    "rx_ms": "1771935679724",
    "station_id": "0",
    "src_mac": "28:56:2F:63:C5:48",
    "fields": [
      "90",
      "3",
      "3",
      "0.28",
      "-0.13",
      "10.06",
      "-0.2",
      "0.2",
      "0.1",
      "11658349",
      "314",
      "7",
      "69"
    ]
  },
  "R": {
    "iso_time": "2026-02-24T13:32:21.087+01:00",
    "rx_ms": "1771936341087",
    "station_id": "0",
    "src_mac": "28:56:2F:63:C5:48",
    "fields": [
      "90",
      "151",
      "23.5",
      "-54.1",
      "12319351"
    ]
  },
  "N": {
    "iso_time": "2026-02-24T13:20:51.508+01:00",
    "rx_ms": "1771935651508",
    "station_id": "0",
    "src_mac": "28:56:2F:63:C5:48",
    "fields": [
      "90",
      "151",
      "32",
      "68",
      "29.1",
      "-63.1",
      "0",
      "5369"
    ]
  }
}