{
  "R": {
    "iso_time": "2026-02-24T12:25:52.508+01:00",
    "rx_ms": "1771932352508",
    "station_id": "0",
    "src_mac": "28:56:2F:63:C6:A8",
    "fields": [
      "245",
      "94",
      "413.8",
      "-85.8",
      "8806275"
    ]
  },
  "C": {
    "iso_time": "2026-02-24T12:25:51.643+01:00",
    "rx_ms": "1771932351642",
    "station_id": "0",
    "src_mac": "28:56:2F:63:C6:A8",
    "fields": [
      "245",
      "1",
      "3",
      "-1.26",
      "6.03",
      "-7.94",
      "6.3",
      "6.3",
      "2.0",
      "8805929",
      "206",
      "4",
      "73"
    ]
  },
  "H": {
    "iso_time": "2026-02-24T12:25:48.642+01:00",
    "rx_ms": "1771932348642",
    "station_id": "0",
    "src_mac": "28:56:2F:63:C6:A8",
    "fields": [
      "245",
      "15337",
      "4",
      "8802583"
    ]
  },
  "N": {
    "iso_time": "2026-02-24T12:23:32.548+01:00",
    "rx_ms": "1771932212548",
    "station_id": "0",
    "src_mac": "28:56:2F:63:C6:A8",
    "fields": [
      "245",
      "98",
      "252",
      "88",
      "565.8",
      "-69.6",
      "0",
      "100"
    ]
  }
}