{
  "R": {
    "iso_time": "2026-02-24T12:25:53.838+01:00",
    "rx_ms": "1771932353838",
    "station_id": "0",
    "src_mac": "28:56:2F:63:C5:20",
    "fields": [
      "94",
      "90",
      "155.8",
      "-62.6",
      "8229471"
    ]
  },
  "H": {
    "iso_time": "2026-02-24T12:25:53.617+01:00",
    "rx_ms": "1771932353617",
    "station_id": "0",
    "src_mac": "28:56:2F:63:C5:20",
    "fields": [
      "94",
      "14553",
      "4",
      "8229251"
    ]
  },
  "C": {
    "iso_time": "2026-02-24T12:25:49.501+01:00",
    "rx_ms": "1771932349501",
    "station_id": "0",
    "src_mac": "28:56:2F:63:C5:20",
    "fields": [
      "94",
      "3",
      "3",
      "-0.79",
      "2.02",
      "-9.47",
      "-0.9",
      "0.5",
      "0.1",
      "8225138",
      "320",
      "4",
      "74"
    ]
  },
  "N": {
    "iso_time": "2026-02-24T12:13:19.579+01:00",
    "rx_ms": "1771931599579",
    "station_id": "0",
    "src_mac": "28:56:2F:63:C5:20",
    "fields": [
      "94",
      "98",
      "215",
      "88",
      "169.8",
      "-81.8",
      "0",
      "1233"
    ]
  }
}