{
  "C": {
    "iso_time": "2026-02-24T11:57:53.409+01:00",
    "rx_ms": "1771930673409",
    "station_id": "0",
    "src_mac": "28:56:2F:63:C7:40",
    "fields": [
      "10",
      "3",
      "3",
      "-1.06",
      "2.50",
      "-9.44",
      "-5.7",
      "4.1",
      "-4.6",
      "7081576",
      "1217",
      "7",
      "68"
    ]
  },
  "H": {
    "iso_time": "2026-02-24T11:57:50.119+01:00",
    "rx_ms": "1771930670119",
    "station_id": "0",
    "src_mac": "28:56:2F:63:C7:40",
    "fields": [
      "10",
      "12060",
      "6",
      "7078611"
    ]
  },
  "R": {
    "iso_time": "2026-02-24T11:57:51.122+01:00",
    "rx_ms": "1771930671122",
    "station_id": "0",
    "src_mac": "28:56:2F:63:C7:40",
    "fields": [
      "10",
      "96",
      "271.7",
      "-79.5",
      "7079178"
    ]
  }
}