{
  "R": {
    "iso_time": "2026-02-24T11:59:09.606+01:00",
    "rx_ms": "1771930749606",
    "station_id": "0",
    "src_mac": "28:56:2F:63:C7:30",
    "fields": [
      "96",
      "10",
      "269.8",
      "-73.6",
      "7376067"
    ]
  },
  "H": {
    "iso_time": "2026-02-24T11:59:06.685+01:00",
    "rx_ms": "1771930746685",
    "station_id": "0",
    "src_mac": "28:56:2F:63:C7:30",
    "fields": [
      "96",
      "12859",
      "5",
      "7373109"
    ]
  },
  "C": {
    "iso_time": "2026-02-24T11:59:09.813+01:00",
    "rx_ms": "1771930749813",
    "station_id": "0",
    "src_mac": "28:56:2F:63:C7:30",
    "fields": [
      "96",
      "3",
      "3",
      "4.54",
      "-4.36",
      "-7.36",
      "-1.2",
      "0.1",
      "0.0",
      "7376275",
      "208",
      "5",
      "72"
    ]
  },
  "N": {
    "iso_time": "2026-02-24T11:49:23.253+01:00",
    "rx_ms": "1771930163253",
    "station_id": "0",
    "src_mac": "28:56:2F:63:C7:30",
    "fields": [
      "96",
      "98",
      "166",
      "85",
      "241.2",
      "-78.2",
      "0",
      "104"
    ]
  }
}